{"cameraMode":{"drawMode":0,"name":"Shaded","section":"Shading Mode"},"sceneLighting":true,"audioPlay":false,"sceneViewState":{"m_AlwaysRefresh":false,"showFog":true,"showSkybox":true,"showFlares":true,"showImageEffects":true,"showParticleSystems":true,"showVisualEffectGraphs":true,"m_FxEnabled":true},"in2DMode":false,"pivot":{"x":-0.2989291250705719,"y":-8.54646110534668,"z":15.246088981628418},"rotation":{"x":-0.3367496430873871,"y":0.041502684354782107,"z":-0.014858905225992203,"w":-0.9405654072761536},"size":12.12435531616211,"orthographic":false}