{"cameraMode":{"drawMode":0,"name":"Shaded","section":"Shading Mode"},"sceneLighting":true,"audioPlay":false,"sceneViewState":{"m_AlwaysRefresh":false,"showFog":true,"showSkybox":true,"showFlares":true,"showImageEffects":true,"showParticleSystems":true,"showVisualEffectGraphs":true,"m_FxEnabled":true},"in2DMode":false,"pivot":{"x":-0.47403043508529665,"y":-16.695571899414064,"z":18.699277877807618},"rotation":{"x":-0.4189583361148834,"y":0.005989999510347843,"z":-0.002763849450275302,"w":-0.9079759120941162},"size":15.351122856140137,"orthographic":false}