{"cameraMode":{"drawMode":0,"name":"Shaded","section":"Shading Mode"},"sceneLighting":true,"audioPlay":false,"sceneViewState":{"m_AlwaysRefresh":false,"showFog":true,"showSkybox":true,"showFlares":true,"showImageEffects":true,"showParticleSystems":true,"showVisualEffectGraphs":true,"m_FxEnabled":true},"in2DMode":false,"pivot":{"x":8.051698684692383,"y":1.6077582836151124,"z":11.67211627960205},"rotation":{"x":0.2204248011112213,"y":-0.02341318316757679,"z":0.005287935491651297,"w":0.9751352667808533},"size":4.525386810302734,"orthographic":false}