{"cameraMode":{"drawMode":0,"name":"Shaded","section":"Shading Mode"},"sceneLighting":true,"audioPlay":false,"sceneViewState":{"m_AlwaysRefresh":false,"showFog":true,"showSkybox":true,"showFlares":true,"showImageEffects":true,"showParticleSystems":true,"showVisualEffectGraphs":true,"m_FxEnabled":true},"in2DMode":false,"pivot":{"x":1.8058125972747803,"y":-3.8176984786987306,"z":18.524381637573243},"rotation":{"x":-0.24673576653003694,"y":-0.0008754601585678756,"z":0.0002230840764241293,"w":-0.9690861105918884},"size":15.109151840209961,"orthographic":false}